time,strategy,identifier,symbol,side,type,status,multiplier,time_in_force,asset.strike,asset.multiplier,asset.asset_type,price,filled_quantity,trade_cost
2020-01-02 09:30:00-05:00,MLTader,daf28189a8a54e519daecfee25da2203,SPY,buy,market,new,1,gtc,0.0,1,stock,,,
2020-01-02 09:30:00-05:00,MLTader,daf28189a8a54e519daecfee25da2203,SPY,buy,market,fill,1,gtc,0.0,1,stock,323.5400085449219,155.0,0.0
2020-01-03 09:30:00-05:00,MLTader,a7b6f17862fa45b3bdacb73dc6f64e84,SPY,buy,market,new,1,gtc,0.0,1,stock,,,
2020-01-03 09:30:00-05:00,MLTader,a7b6f17862fa45b3bdacb73dc6f64e84,SPY,buy,market,fill,1,gtc,0.0,1,stock,321.1600036621094,78.0,0.0
2020-01-06 09:30:00-05:00,MLTader,b9d8ab7c6fe04462801528fb8ddb2727,SPY,buy,market,new,1,gtc,0.0,1,stock,,,
2020-01-06 09:30:00-05:00,MLTader,b9d8ab7c6fe04462801528fb8ddb2727,SPY,buy,market,fill,1,gtc,0.0,1,stock,320.489990234375,39.0,0.0
2020-01-07 09:30:00-05:00,MLTader,2e84fbdf9e854d10990b7b34df9b60e6,SPY,buy,market,new,1,gtc,0.0,1,stock,,,
2020-01-07 09:30:00-05:00,MLTader,2e84fbdf9e854d10990b7b34df9b60e6,SPY,buy,market,fill,1,gtc,0.0,1,stock,323.0199890136719,19.0,0.0
2020-01-08 09:30:00-05:00,MLTader,855f1fb829424c8eb0d94a04f515bcb7,SPY,buy,market,new,1,gtc,0.0,1,stock,,,
2020-01-08 09:30:00-05:00,MLTader,855f1fb829424c8eb0d94a04f515bcb7,SPY,buy,market,fill,1,gtc,0.0,1,stock,322.94000244140625,10.0,0.0
2020-01-09 09:30:00-05:00,MLTader,c4594fd2bb57428ea5bea5b708c5e921,SPY,buy,market,new,1,gtc,0.0,1,stock,,,
2020-01-09 09:30:00-05:00,MLTader,c4594fd2bb57428ea5bea5b708c5e921,SPY,buy,market,fill,1,gtc,0.0,1,stock,326.1600036621094,4.0,0.0
2020-01-10 09:30:00-05:00,MLTader,19513b2260364b858b3c0dd3b485ec00,SPY,buy,market,new,1,gtc,0.0,1,stock,,,
2020-01-10 09:30:00-05:00,MLTader,19513b2260364b858b3c0dd3b485ec00,SPY,buy,market,fill,1,gtc,0.0,1,stock,327.2900085449219,2.0,0.0
2020-01-13 09:30:00-05:00,MLTader,1bffa745e1004dd9ad69b82db53516f0,SPY,buy,market,new,1,gtc,0.0,1,stock,,,
2020-01-13 09:30:00-05:00,MLTader,1bffa745e1004dd9ad69b82db53516f0,SPY,buy,market,fill,1,gtc,0.0,1,stock,326.3900146484375,1.0,0.0
2020-01-14 09:30:00-05:00,MLTader,5bb31f2f3f824a2dae159cca322b58f4,SPY,buy,market,new,1,gtc,0.0,1,stock,,,
2020-01-14 09:30:00-05:00,MLTader,5bb31f2f3f824a2dae159cca322b58f4,SPY,buy,market,fill,1,gtc,0.0,1,stock,327.4700012207031,1.0,0.0
2020-02-03 09:30:00-05:00,MLTader,cd7ff84d6e2441c8a88decde65cafd0e,SPY,sell,stop,canceled,1,day,0.0,1,stock,,,
2020-02-03 09:30:00-05:00,MLTader,3a1942e8cc804aa682aca432f724c461,SPY,sell,limit,canceled,1,day,0.0,1,stock,,,
2020-02-03 09:30:00-05:00,MLTader,049af2fb2e844ee1ab1c312ff29bb576,SPY,sell,stop,canceled,1,day,0.0,1,stock,,,
2020-02-03 09:30:00-05:00,MLTader,0f63257ba2904e4b81fa0ce0a6c50fae,SPY,sell,limit,canceled,1,day,0.0,1,stock,,,
2020-02-03 09:30:00-05:00,MLTader,84f1a8d6401144ee9659072fd5df1f4a,SPY,sell,stop,canceled,1,day,0.0,1,stock,,,
2020-02-03 09:30:00-05:00,MLTader,16588ddb8bbd4ec2a19a5da545996493,SPY,sell,limit,canceled,1,day,0.0,1,stock,,,
2020-02-03 09:30:00-05:00,MLTader,79642a8d95304843b00f7e2d14d35ea2,SPY,sell,stop,canceled,1,day,0.0,1,stock,,,
2020-02-03 09:30:00-05:00,MLTader,d9722ee190a24fe68a41b6c9255a335a,SPY,sell,limit,canceled,1,day,0.0,1,stock,,,
2020-02-03 09:30:00-05:00,MLTader,8c946218fc8847a5860c45648e1d48f2,SPY,sell,stop,canceled,1,day,0.0,1,stock,,,
2020-02-03 09:30:00-05:00,MLTader,0d207395bca249c29578f78dd2fd5e94,SPY,sell,limit,canceled,1,day,0.0,1,stock,,,
2020-02-03 09:30:00-05:00,MLTader,a13828b92d054a1bae323d09cb1d52e2,SPY,sell,stop,canceled,1,day,0.0,1,stock,,,
2020-02-03 09:30:00-05:00,MLTader,e8e1d2adc3ae4eaaa756de680bf40dd4,SPY,sell,limit,canceled,1,day,0.0,1,stock,,,
2020-02-03 09:30:00-05:00,MLTader,a3346540dc9f424d8dfd368b9c1024b4,SPY,sell,stop,canceled,1,day,0.0,1,stock,,,
2020-02-03 09:30:00-05:00,MLTader,341e7e2722e644aaa3a71e95676778f7,SPY,sell,limit,canceled,1,day,0.0,1,stock,,,
2020-02-03 09:30:00-05:00,MLTader,6cc0e5d8c0404b899a77a6c6c231fa96,SPY,sell,stop,canceled,1,day,0.0,1,stock,,,
2020-02-03 09:30:00-05:00,MLTader,6b323f8a97c84f0e8ee8fbcbf886b304,SPY,sell,limit,canceled,1,day,0.0,1,stock,,,
2020-02-03 09:30:00-05:00,MLTader,d3a3a7625ead457b81d9201a6acfb114,SPY,sell,stop,canceled,1,day,0.0,1,stock,,,
2020-02-03 09:30:00-05:00,MLTader,3e6e8779a7e84747a45053b9e59a6ec5,SPY,sell,limit,canceled,1,day,0.0,1,stock,,,
2020-02-03 09:30:00-05:00,MLTader,b9c9577490ae4fec92b1f6ff2ace76cd,SPY,sell,market,new,1,day,0.0,1,stock,,,
2020-02-03 09:30:00-05:00,MLTader,6a5a7c22c253423aa9624b7d94d1d5c0,SPY,sell,market,new,1,gtc,0.0,1,stock,,,
2020-02-03 09:30:00-05:00,MLTader,b9c9577490ae4fec92b1f6ff2ace76cd,SPY,sell,market,fill,1,day,0.0,1,stock,323.3500061035156,309.0,0.0
2020-02-03 09:30:00-05:00,MLTader,6a5a7c22c253423aa9624b7d94d1d5c0,SPY,sell,market,fill,1,gtc,0.0,1,stock,323.3500061035156,0.0,0.0
2020-02-04 09:30:00-05:00,MLTader,179fbf75c9a041b8988c7c17d2776fd4,SPY,buy,market,new,1,gtc,0.0,1,stock,,,
2020-02-04 09:30:00-05:00,MLTader,179fbf75c9a041b8988c7c17d2776fd4,SPY,buy,market,fill,1,gtc,0.0,1,stock,328.07000732421875,153.0,0.0
2020-02-05 09:30:00-05:00,MLTader,44ba0d9b186b431faf830ef28b30b881,SPY,buy,market,new,1,gtc,0.0,1,stock,,,
2020-02-05 09:30:00-05:00,MLTader,44ba0d9b186b431faf830ef28b30b881,SPY,buy,market,fill,1,gtc,0.0,1,stock,332.2699890136719,75.0,0.0
2020-02-06 09:30:00-05:00,MLTader,842935eda1124199881b3e397aa41dd0,SPY,buy,market,new,1,gtc,0.0,1,stock,,,
2020-02-06 09:30:00-05:00,MLTader,842935eda1124199881b3e397aa41dd0,SPY,buy,market,fill,1,gtc,0.0,1,stock,333.9100036621094,38.0,0.0
2020-02-07 09:30:00-05:00,MLTader,6209150670134ea2b8d23f1d125bf1c2,SPY,buy,market,new,1,gtc,0.0,1,stock,,,
2020-02-07 09:30:00-05:00,MLTader,6209150670134ea2b8d23f1d125bf1c2,SPY,buy,market,fill,1,gtc,0.0,1,stock,332.82000732421875,19.0,0.0
2020-02-10 09:30:00-05:00,MLTader,6a940c03d3974ebdab4bead30b95795e,SPY,buy,market,new,1,gtc,0.0,1,stock,,,
2020-02-10 09:30:00-05:00,MLTader,6a940c03d3974ebdab4bead30b95795e,SPY,buy,market,fill,1,gtc,0.0,1,stock,331.2300109863281,9.0,0.0
2020-02-11 09:30:00-05:00,MLTader,0ad2de1910d3434fb8637bb2434cab73,SPY,buy,market,new,1,gtc,0.0,1,stock,,,
2020-02-11 09:30:00-05:00,MLTader,0ad2de1910d3434fb8637bb2434cab73,SPY,buy,market,fill,1,gtc,0.0,1,stock,336.1600036621094,5.0,0.0
2020-02-12 09:30:00-05:00,MLTader,c235c744e13b436b94df0b9cb369094c,SPY,buy,market,new,1,gtc,0.0,1,stock,,,
2020-02-12 09:30:00-05:00,MLTader,c235c744e13b436b94df0b9cb369094c,SPY,buy,market,fill,1,gtc,0.0,1,stock,336.8299865722656,2.0,0.0
2020-02-13 09:30:00-05:00,MLTader,534036c05b424eda9ec3cfc48bdfed56,SPY,buy,market,new,1,gtc,0.0,1,stock,,,
2020-02-13 09:30:00-05:00,MLTader,534036c05b424eda9ec3cfc48bdfed56,SPY,buy,market,fill,1,gtc,0.0,1,stock,335.8599853515625,1.0,0.0
2020-02-14 09:30:00-05:00,MLTader,6d8ccc5868bd419f9077fd63bd16f120,SPY,buy,market,new,1,gtc,0.0,1,stock,,,
2020-02-14 09:30:00-05:00,MLTader,6d8ccc5868bd419f9077fd63bd16f120,SPY,buy,market,fill,1,gtc,0.0,1,stock,337.510009765625,1.0,0.0
2020-02-25 09:30:00-05:00,MLTader,aec0bf03f30d4048866555e77a247394,SPY,sell,limit,canceled,1,day,0.0,1,stock,,,
2020-02-25 09:30:00-05:00,MLTader,3a40b5b9e080479788d410288dc0e209,SPY,sell,stop,fill,1,day,0.0,1,stock,315.65648956298827,75.0,0.0
2020-02-25 09:30:00-05:00,MLTader,7001ae60d963442b86f38508c6b4d5b3,SPY,sell,limit,canceled,1,day,0.0,1,stock,,,
2020-02-25 09:30:00-05:00,MLTader,d042b60c944143628e004be2ee8b705f,SPY,sell,stop,fill,1,day,0.0,1,stock,317.2145034790039,38.0,0.0
2020-02-25 09:30:00-05:00,MLTader,00d51235116048839603889b26612392,SPY,sell,limit,canceled,1,day,0.0,1,stock,,,
2020-02-25 09:30:00-05:00,MLTader,43f931ea712b45eb82d8fb97d112d0b9,SPY,sell,stop,fill,1,day,0.0,1,stock,316.1790069580078,19.0,0.0
2020-02-25 09:30:00-05:00,MLTader,6967cc5415894067809bf15ae88ed985,SPY,sell,limit,canceled,1,day,0.0,1,stock,,,
2020-02-25 09:30:00-05:00,MLTader,5b89e94686014661991f064a53fad485,SPY,sell,stop,fill,1,day,0.0,1,stock,314.6685104370117,9.0,0.0
2020-02-25 09:30:00-05:00,MLTader,347f596bc7844317aa7aa12e35653d04,SPY,sell,limit,canceled,1,day,0.0,1,stock,,,
2020-02-25 09:30:00-05:00,MLTader,bb823f1b56134e339f346d8c5fed417e,SPY,sell,stop,fill,1,day,0.0,1,stock,319.3520034790039,5.0,0.0
2020-02-25 09:30:00-05:00,MLTader,5593e4b348e84408804861dbc9ba3a97,SPY,sell,limit,canceled,1,day,0.0,1,stock,,,
2020-02-25 09:30:00-05:00,MLTader,e487edbb605647b1b9be5b118392837d,SPY,sell,stop,fill,1,day,0.0,1,stock,319.98848724365234,2.0,0.0
2020-02-25 09:30:00-05:00,MLTader,30a665d31bd54d98a74b61e9b04fac56,SPY,sell,limit,canceled,1,day,0.0,1,stock,,,
2020-02-25 09:30:00-05:00,MLTader,de49506b3ac44016baf28536b531d885,SPY,sell,stop,fill,1,day,0.0,1,stock,319.0669860839844,1.0,0.0
2020-02-25 09:30:00-05:00,MLTader,35af6cc2d0d149078c00d181e559104d,SPY,sell,limit,canceled,1,day,0.0,1,stock,,,
2020-02-25 09:30:00-05:00,MLTader,68e55e57d9c24af488afc583cce2add1,SPY,sell,stop,fill,1,day,0.0,1,stock,320.63450927734374,1.0,0.0
2020-02-26 09:30:00-05:00,MLTader,e64a8f77664a4e84b393f3a6d518563d,SPY,buy,market,new,1,gtc,0.0,1,stock,,,
2020-02-26 09:30:00-05:00,MLTader,1142b6324dab4584917b408d287690f8,SPY,sell,limit,canceled,1,day,0.0,1,stock,,,
2020-02-26 09:30:00-05:00,MLTader,592211aefabb4400a9f24adc53464288,SPY,sell,stop,fill,1,day,0.0,1,stock,311.6665069580078,153.0,0.0
2020-02-26 09:30:00-05:00,MLTader,e64a8f77664a4e84b393f3a6d518563d,SPY,buy,market,fill,1,gtc,0.0,1,stock,314.17999267578125,76.0,0.0
2020-02-27 09:30:00-05:00,MLTader,a8b5b73ac54441e899f45ce9c63bff95,SPY,buy,market,new,1,gtc,0.0,1,stock,,,
2020-02-27 09:30:00-05:00,MLTader,1bdebdcd46b24397ab1100886b05cdb1,SPY,sell,limit,canceled,1,day,0.0,1,stock,,,
2020-02-27 09:30:00-05:00,MLTader,d4a5c440d7394c2e8db654d7802f917d,SPY,sell,stop,fill,1,day,0.0,1,stock,298.4709930419922,76.0,0.0
2020-02-27 09:30:00-05:00,MLTader,a8b5b73ac54441e899f45ce9c63bff95,SPY,buy,market,fill,1,gtc,0.0,1,stock,305.4599914550781,117.0,0.0
2020-02-28 09:30:00-05:00,MLTader,6411f3be0a1443df8f3589b4387c9e86,SPY,buy,market,new,1,gtc,0.0,1,stock,,,
2020-02-28 09:30:00-05:00,MLTader,2a378cfdfc984b288a93f5821e7606d9,SPY,sell,limit,canceled,1,day,0.0,1,stock,,,
2020-02-28 09:30:00-05:00,MLTader,cbab9771c24d4a3f86b9dcb8fc5cc194,SPY,sell,stop,fill,1,day,0.0,1,stock,288.70001220703125,117.0,0.0
2020-02-28 09:30:00-05:00,MLTader,6411f3be0a1443df8f3589b4387c9e86,SPY,buy,market,fill,1,gtc,0.0,1,stock,288.70001220703125,101.0,0.0
2020-03-02 09:30:00-05:00,MLTader,d0da15247e464149a33dea8991235fd0,SPY,buy,market,new,1,gtc,0.0,1,stock,,,
2020-03-02 09:30:00-05:00,MLTader,d0da15247e464149a33dea8991235fd0,SPY,buy,market,fill,1,gtc,0.0,1,stock,298.2099914550781,105.0,0.0
2020-03-03 09:30:00-05:00,MLTader,b344a6cf40c046d4bc2bfc7255d4ebd5,SPY,buy,market,new,1,gtc,0.0,1,stock,,,
2020-03-03 09:30:00-05:00,MLTader,b344a6cf40c046d4bc2bfc7255d4ebd5,SPY,buy,market,fill,1,gtc,0.0,1,stock,309.5,51.0,0.0
2020-03-04 09:30:00-05:00,MLTader,6fb6e21da7b3467886958519027282a2,SPY,buy,market,new,1,gtc,0.0,1,stock,,,
2020-03-04 09:30:00-05:00,MLTader,6fb6e21da7b3467886958519027282a2,SPY,buy,market,fill,1,gtc,0.0,1,stock,306.1199951171875,26.0,0.0
2020-03-05 09:30:00-05:00,MLTader,432ec0c725c944c786e311024cb33e87,SPY,buy,market,new,1,gtc,0.0,1,stock,,,
2020-03-05 09:30:00-05:00,MLTader,432ec0c725c944c786e311024cb33e87,SPY,buy,market,fill,1,gtc,0.0,1,stock,304.9800109863281,13.0,0.0
2020-03-06 09:30:00-05:00,MLTader,32960c316b93472b840ab2b2dcb61b20,SPY,buy,market,new,1,gtc,0.0,1,stock,,,
2020-03-06 09:30:00-05:00,MLTader,ffc380010d5840d09f3a31574e25ba06,SPY,sell,limit,canceled,1,day,0.0,1,stock,,,
2020-03-06 09:30:00-05:00,MLTader,1f4391f722ae4abd8773cb8b0358313e,SPY,sell,stop,fill,1,day,0.0,1,stock,293.1499938964844,51.0,0.0
2020-03-06 09:30:00-05:00,MLTader,283949d43890499c8f5a26c8aa5ef37c,SPY,sell,limit,canceled,1,day,0.0,1,stock,,,
2020-03-06 09:30:00-05:00,MLTader,ee5abce5db0b4c358e03de537385d6c5,SPY,sell,stop,fill,1,day,0.0,1,stock,290.8139953613281,26.0,0.0
2020-03-06 09:30:00-05:00,MLTader,32960c316b93472b840ab2b2dcb61b20,SPY,buy,market,fill,1,gtc,0.0,1,stock,293.1499938964844,7.0,0.0
2020-03-09 08:30:00-04:00,MLTader,c5b1e555e25245078fd2fd2df78a3e46,SPY,sell,limit,canceled,1,day,0.0,1,stock,,,
2020-03-09 08:30:00-04:00,MLTader,b436dd97522344939d58e350d19d73a3,SPY,sell,stop,fill,1,day,0.0,1,stock,274.2650115966797,101.0,0.0
2020-03-09 08:30:00-04:00,MLTader,c3e2062519914e2795d36ef4b1a91c6e,SPY,sell,limit,canceled,1,day,0.0,1,stock,,,
2020-03-09 08:30:00-04:00,MLTader,efbdf6fa9fd040329745ea5817aab053,SPY,sell,stop,fill,1,day,0.0,1,stock,283.2994918823242,105.0,0.0
2020-03-09 08:30:00-04:00,MLTader,3dc6a11b68054635a99b4be0d2c3e605,SPY,sell,limit,canceled,1,day,0.0,1,stock,,,
2020-03-09 08:30:00-04:00,MLTader,ec1c59cd3c9d4c4aa1ed9de0df9d0da6,SPY,sell,stop,fill,1,day,0.0,1,stock,284.6400146484375,13.0,0.0
2020-03-09 08:30:00-04:00,MLTader,43acd13454674dd280ff479f1b8651d9,SPY,sell,limit,canceled,1,day,0.0,1,stock,,,
2020-03-09 08:30:00-04:00,MLTader,c9d05d99976940c2ae6cfc037f8dc948,SPY,sell,stop,fill,1,day,0.0,1,stock,278.4924942016601,7.0,0.0
2020-03-09 09:30:00-04:00,MLTader,2a5e01892d064152aa2d37464570e79c,SPY,buy,market,new,1,gtc,0.0,1,stock,,,
2020-03-09 09:30:00-04:00,MLTader,2a5e01892d064152aa2d37464570e79c,SPY,buy,market,fill,1,gtc,0.0,1,stock,284.6400146484375,154.0,0.0
2020-03-10 09:30:00-04:00,MLTader,88f17899e1564b508dfcb2e18f7beba7,SPY,buy,market,new,1,gtc,0.0,1,stock,,,
2020-03-10 09:30:00-04:00,MLTader,88f17899e1564b508dfcb2e18f7beba7,SPY,buy,market,fill,1,gtc,0.0,1,stock,280.70001220703125,78.0,0.0
2020-03-11 09:30:00-04:00,MLTader,9efd274016db4674bbac307a780caa84,SPY,buy,market,new,1,gtc,0.0,1,stock,,,
2020-03-11 09:30:00-04:00,MLTader,bce763118b144e2692ca42318b663be2,SPY,buy,stop,canceled,1,day,0.0,1,stock,,,
2020-03-11 09:30:00-04:00,MLTader,c3df882178744171a6cd2a63feae33ba,SPY,buy,limit,fill,1,day,0.0,1,stock,256.0,0.0,0.0
2020-03-11 09:30:00-04:00,MLTader,98d8014f91cc4176939e766791069323,SPY,sell,limit,canceled,1,day,0.0,1,stock,,,
2020-03-11 09:30:00-04:00,MLTader,dfd03e0e98f7409da86ea1a20c6e41f4,SPY,sell,stop,fill,1,day,0.0,1,stock,256.0,154.0,0.0
2020-03-11 09:30:00-04:00,MLTader,7262fc4428bb41b388127270526d9a5d,SPY,sell,limit,canceled,1,day,0.0,1,stock,,,
2020-03-11 09:30:00-04:00,MLTader,f448a01c4f9248729ed43683778ce26e,SPY,sell,stop,fill,1,day,0.0,1,stock,256.0,78.0,0.0
2020-03-11 09:30:00-04:00,MLTader,9efd274016db4674bbac307a780caa84,SPY,buy,market,fill,1,gtc,0.0,1,stock,256.0,42.0,0.0
2020-03-12 09:30:00-04:00,MLTader,ebff7b837028468d9c3d83c2ec5cbd58,SPY,buy,market,new,1,gtc,0.0,1,stock,,,
2020-03-12 09:30:00-04:00,MLTader,ebff7b837028468d9c3d83c2ec5cbd58,SPY,buy,market,fill,1,gtc,0.0,1,stock,263.0899963378906,134.0,0.0
2020-03-13 09:30:00-04:00,MLTader,2af8ff6ab52345ddb97ab96627235874,SPY,buy,market,new,1,gtc,0.0,1,stock,,,
2020-03-13 09:30:00-04:00,MLTader,7faba1881c714735a25834e98b4e431b,SPY,sell,limit,canceled,1,day,0.0,1,stock,,,
2020-03-13 09:30:00-04:00,MLTader,d900787821a141c59c1bfeb7e4987b5a,SPY,sell,stop,fill,1,day,0.0,1,stock,249.93549652099608,134.0,0.0
2020-03-13 09:30:00-04:00,MLTader,2af8ff6ab52345ddb97ab96627235874,SPY,buy,market,fill,1,gtc,0.0,1,stock,263.0899963378906,67.0,0.0
2020-03-14 09:30:00-04:00,MLTader,002d881fda0c4c78ad120add99f697d9,SPY,sell,limit,canceled,1,day,0.0,1,stock,,,
2020-03-14 09:30:00-04:00,MLTader,ea06d920ef1245e9acb274807769eed4,SPY,sell,stop,fill,1,day,0.0,1,stock,249.93549652099608,67.0,0.0
2020-03-16 08:30:00-04:00,MLTader,41bbe56bd92148238c5cc02fa003075f,SPY,sell,limit,canceled,1,day,0.0,1,stock,,,
2020-03-16 08:30:00-04:00,MLTader,fd6b09d0a8bc482a9cf6f8e26f67a38e,SPY,sell,stop,fill,1,day,0.0,1,stock,243.2,42.0,0.0
2020-03-16 09:30:00-04:00,MLTader,92e9f36fb2944c419fcf7f08f2133ecb,SPY,buy,market,new,1,gtc,0.0,1,stock,,,
2020-03-16 09:30:00-04:00,MLTader,92e9f36fb2944c419fcf7f08f2133ecb,SPY,buy,market,fill,1,gtc,0.0,1,stock,245.0399932861328,159.0,0.0
2020-03-17 09:30:00-04:00,MLTader,118b704dc1c241a1b04945046797f3e3,SPY,buy,market,new,1,gtc,0.0,1,stock,,,
2020-03-17 09:30:00-04:00,MLTader,9990d4a21f3c45978f6755a7bfe6fe68,SPY,sell,limit,canceled,1,day,0.0,1,stock,,,
2020-03-17 09:30:00-04:00,MLTader,cc29d0ec01a843e899d9177a9a4caee1,SPY,sell,stop,fill,1,day,0.0,1,stock,232.78799362182616,159.0,0.0
2020-03-17 09:30:00-04:00,MLTader,118b704dc1c241a1b04945046797f3e3,SPY,buy,market,fill,1,gtc,0.0,1,stock,236.25,82.0,0.0
2020-03-18 09:30:00-04:00,MLTader,e7e70336d8e64d2e96bb69d83db9b150,SPY,buy,market,new,1,gtc,0.0,1,stock,,,
2020-03-18 09:30:00-04:00,MLTader,e7e70336d8e64d2e96bb69d83db9b150,SPY,buy,market,fill,1,gtc,0.0,1,stock,239.25,118.0,0.0
2020-03-19 09:30:00-04:00,MLTader,7a9e8d9780f643008736fb801efab874,SPY,buy,market,new,1,gtc,0.0,1,stock,,,
2020-03-19 09:30:00-04:00,MLTader,7a9e8d9780f643008736fb801efab874,SPY,buy,market,fill,1,gtc,0.0,1,stock,242.52999877929688,59.0,0.0
2020-03-20 09:30:00-04:00,MLTader,df8c89fee76b460bb323ea7afd8b1fd2,SPY,buy,market,new,1,gtc,0.0,1,stock,,,
2020-03-20 09:30:00-04:00,MLTader,0aa1cf5839dc4eeca03a3100c2e57baa,SPY,sell,limit,canceled,1,day,0.0,1,stock,,,
2020-03-20 09:30:00-04:00,MLTader,2605be8ecad342ac904f76010835e4b4,SPY,sell,stop,fill,1,day,0.0,1,stock,230.40349884033202,59.0,0.0
2020-03-20 09:30:00-04:00,MLTader,df8c89fee76b460bb323ea7afd8b1fd2,SPY,buy,market,fill,1,gtc,0.0,1,stock,242.52999877929688,29.0,0.0
2020-03-21 09:30:00-04:00,MLTader,49387cb74dcb4c37b260ad276a82f07c,SPY,sell,limit,canceled,1,day,0.0,1,stock,,,
2020-03-21 09:30:00-04:00,MLTader,87237ec4b54045dd916bf712219dbbaa,SPY,sell,stop,fill,1,day,0.0,1,stock,230.40349884033202,29.0,0.0
2020-03-23 09:30:00-04:00,MLTader,2148b33ce4d84d349f25c6bfc66aa075,SPY,buy,market,new,1,gtc,0.0,1,stock,,,
2020-03-23 09:30:00-04:00,MLTader,2148b33ce4d84d349f25c6bfc66aa075,SPY,buy,market,fill,1,gtc,0.0,1,stock,234.4199981689453,58.0,0.0
2020-03-24 09:30:00-04:00,MLTader,3c0dbbf7b19348f3a67bfc2481b98074,SPY,buy,market,new,1,gtc,0.0,1,stock,,,
2020-03-24 09:30:00-04:00,MLTader,3c0dbbf7b19348f3a67bfc2481b98074,SPY,buy,market,fill,1,gtc,0.0,1,stock,244.8699951171875,28.0,0.0
2020-03-25 09:30:00-04:00,MLTader,071fd7e93f104d29baf3d4ce304349cf,SPY,buy,market,new,1,gtc,0.0,1,stock,,,
2020-03-25 09:30:00-04:00,MLTader,071fd7e93f104d29baf3d4ce304349cf,SPY,buy,market,fill,1,gtc,0.0,1,stock,249.52000427246094,14.0,0.0
2020-03-26 09:30:00-04:00,MLTader,41ec38ff3d764efd881cbc3a6b495f4d,SPY,buy,market,new,1,gtc,0.0,1,stock,,,
2020-03-26 09:30:00-04:00,MLTader,41ec38ff3d764efd881cbc3a6b495f4d,SPY,buy,market,fill,1,gtc,0.0,1,stock,253.27000427246094,7.0,0.0
2020-03-27 09:30:00-04:00,MLTader,d2af878275904262b26e9ee4b2ccb03c,SPY,buy,market,new,1,gtc,0.0,1,stock,,,
2020-03-27 09:30:00-04:00,MLTader,d2af878275904262b26e9ee4b2ccb03c,SPY,buy,market,fill,1,gtc,0.0,1,stock,253.27000427246094,3.0,0.0
2020-03-30 09:30:00-04:00,MLTader,a83ce136814048edb94309c1ccc341b2,SPY,buy,market,new,1,gtc,0.0,1,stock,,,
2020-03-30 09:30:00-04:00,MLTader,a83ce136814048edb94309c1ccc341b2,SPY,buy,market,fill,1,gtc,0.0,1,stock,260.55999755859375,2.0,0.0
2020-03-31 09:30:00-04:00,MLTader,9a510990a735423e84dc65e9a3f6af23,SPY,buy,market,new,1,gtc,0.0,1,stock,,,
2020-03-31 09:30:00-04:00,MLTader,4c146d0babaa43ae94e42164a28348b8,SPY,sell,limit,canceled,1,day,0.0,1,stock,,,
2020-03-31 09:30:00-04:00,MLTader,56ff6d3a00f045fab1593159652ea3f3,SPY,sell,stop,fill,1,day,0.0,1,stock,247.53199768066406,2.0,0.0
2020-03-31 09:30:00-04:00,MLTader,9a510990a735423e84dc65e9a3f6af23,SPY,buy,market,fill,1,gtc,0.0,1,stock,247.97999572753906,1.0,0.0
2020-04-01 09:30:00-04:00,MLTader,3fda76dbd510451198e3d891bc37f54a,SPY,buy,market,new,1,gtc,0.0,1,stock,,,
2020-04-01 09:30:00-04:00,MLTader,3fda76dbd510451198e3d891bc37f54a,SPY,buy,market,fill,1,gtc,0.0,1,stock,245.19000244140625,1.0,0.0
2020-04-02 09:30:00-04:00,MLTader,d26dd4152a744a11acbad59a98495796,SPY,buy,market,new,1,gtc,0.0,1,stock,,,
2020-04-02 09:30:00-04:00,MLTader,d26dd4152a744a11acbad59a98495796,SPY,buy,market,fill,1,gtc,0.0,1,stock,250.75999450683594,1.0,0.0
2020-04-13 08:30:00-04:00,MLTader,2959b665e62c4b788788bc2aa46563f1,SPY,sell,stop,canceled,1,day,0.0,1,stock,,,
2020-04-13 08:30:00-04:00,MLTader,f35f57a6b5ca4e8d98cee385f9605926,SPY,sell,limit,fill,1,day,0.0,1,stock,283.5,82.0,0.0
2020-04-13 08:30:00-04:00,MLTader,7b1f91fa4d6c4ab580f4cbdc118a6abe,SPY,sell,stop,canceled,1,day,0.0,1,stock,,,
2020-04-13 08:30:00-04:00,MLTader,97358c88bba842a7aa1804b8aaeea86d,SPY,sell,limit,fill,1,day,0.0,1,stock,281.3039978027344,58.0,0.0
2020-04-13 09:30:00-04:00,MLTader,063cfd136f5346119cd2a649ac74f44d,SPY,buy,market,new,1,gtc,0.0,1,stock,,,
2020-04-13 09:30:00-04:00,MLTader,063cfd136f5346119cd2a649ac74f44d,SPY,buy,market,fill,1,gtc,0.0,1,stock,280.9800109863281,71.0,0.0
2020-04-14 09:30:00-04:00,MLTader,d364e80237c443f8954c67f15b9831fa,SPY,buy,market,new,1,gtc,0.0,1,stock,,,
2020-04-14 09:30:00-04:00,MLTader,d364e80237c443f8954c67f15b9831fa,SPY,buy,market,fill,1,gtc,0.0,1,stock,277.57000732421875,35.0,0.0
2020-04-15 09:30:00-04:00,MLTader,47fa6cb633234a02aca3ee4fce9c18c0,SPY,buy,market,new,1,gtc,0.0,1,stock,,,
2020-04-15 09:30:00-04:00,MLTader,47fa6cb633234a02aca3ee4fce9c18c0,SPY,buy,market,fill,1,gtc,0.0,1,stock,279.1499938964844,18.0,0.0
2020-04-16 09:30:00-04:00,MLTader,7c1df30c5d18459f891f36f64257db1c,SPY,buy,market,new,1,gtc,0.0,1,stock,,,
2020-04-16 09:30:00-04:00,MLTader,4b3f4a0ac82b491281038274c86b8c6d,SPY,sell,stop,canceled,1,day,0.0,1,stock,,,
2020-04-16 09:30:00-04:00,MLTader,e198d906f1ee41eba05ba57b68b28992,SPY,sell,limit,fill,1,day,0.0,1,stock,287.09999999999997,118.0,0.0
2020-04-16 09:30:00-04:00,MLTader,7c1df30c5d18459f891f36f64257db1c,SPY,buy,market,fill,1,gtc,0.0,1,stock,285.3800048828125,9.0,0.0
2020-04-17 09:30:00-04:00,MLTader,d6cdabd91e354858a57ed36b344be21b,SPY,buy,market,new,1,gtc,0.0,1,stock,,,
2020-04-17 09:30:00-04:00,MLTader,d6cdabd91e354858a57ed36b344be21b,SPY,buy,market,fill,1,gtc,0.0,1,stock,285.3800048828125,64.0,0.0
2020-04-20 09:30:00-04:00,MLTader,883fcd62be9846f3a7d5f5fde4447df1,SPY,buy,market,new,1,gtc,0.0,1,stock,,,
2020-04-20 09:30:00-04:00,MLTader,883fcd62be9846f3a7d5f5fde4447df1,SPY,buy,market,fill,1,gtc,0.0,1,stock,276.7300109863281,32.0,0.0
2020-04-21 09:30:00-04:00,MLTader,c873201987ac459b968b79212a73182c,SPY,buy,market,new,1,gtc,0.0,1,stock,,,
2020-04-21 09:30:00-04:00,MLTader,c873201987ac459b968b79212a73182c,SPY,buy,market,fill,1,gtc,0.0,1,stock,278.3500061035156,16.0,0.0
2020-04-22 09:30:00-04:00,MLTader,56152dcac22c4d04a4d37b10441102d9,SPY,buy,market,new,1,gtc,0.0,1,stock,,,
2020-04-22 09:30:00-04:00,MLTader,56152dcac22c4d04a4d37b10441102d9,SPY,buy,market,fill,1,gtc,0.0,1,stock,280.489990234375,8.0,0.0
2020-04-23 09:30:00-04:00,MLTader,1649f478a86b45cea0aaef0b4680fe26,SPY,buy,market,new,1,gtc,0.0,1,stock,,,
2020-04-23 09:30:00-04:00,MLTader,1649f478a86b45cea0aaef0b4680fe26,SPY,buy,market,fill,1,gtc,0.0,1,stock,280.7300109863281,4.0,0.0
2020-04-24 09:30:00-04:00,MLTader,dfad4dd4f8f84615a21c710cae059043,SPY,buy,market,new,1,gtc,0.0,1,stock,,,
2020-04-24 09:30:00-04:00,MLTader,dfad4dd4f8f84615a21c710cae059043,SPY,buy,market,fill,1,gtc,0.0,1,stock,280.7300109863281,2.0,0.0
2020-04-27 09:30:00-04:00,MLTader,9e400c8cfb1d46099248c53ab0c734c7,SPY,buy,market,new,1,gtc,0.0,1,stock,,,
2020-04-27 09:30:00-04:00,MLTader,9e400c8cfb1d46099248c53ab0c734c7,SPY,buy,market,fill,1,gtc,0.0,1,stock,291.0199890136719,1.0,0.0
2020-04-28 09:30:00-04:00,MLTader,4133a5e710e0409c8e350570881219ae,SPY,buy,market,new,1,gtc,0.0,1,stock,,,
2020-04-28 09:30:00-04:00,MLTader,259a7f023ea64d30892f2acb28e1a594,SPY,sell,stop,canceled,1,day,0.0,1,stock,,,
2020-04-28 09:30:00-04:00,MLTader,f0de09c12ed24a7081fc970db530fc00,SPY,sell,limit,fill,1,day,0.0,1,stock,293.843994140625,28.0,0.0
2020-04-28 09:30:00-04:00,MLTader,3b67382962304dfebc37ee0509295086,SPY,sell,stop,canceled,1,day,0.0,1,stock,,,
2020-04-28 09:30:00-04:00,MLTader,9fc678fca9f04839890fb58a2dc21d16,SPY,sell,limit,fill,1,day,0.0,1,stock,294.2280029296875,1.0,0.0
2020-04-28 09:30:00-04:00,MLTader,4133a5e710e0409c8e350570881219ae,SPY,buy,market,fill,1,gtc,0.0,1,stock,291.5299987792969,1.0,0.0
2020-04-29 09:30:00-04:00,MLTader,565e810261e24b33a4e18efc1dde3a5e,SPY,buy,market,new,1,gtc,0.0,1,stock,,,
2020-04-29 09:30:00-04:00,MLTader,565e810261e24b33a4e18efc1dde3a5e,SPY,buy,market,fill,1,gtc,0.0,1,stock,291.7099914550781,15.0,0.0
2020-04-30 09:30:00-04:00,MLTader,8fc959a650904b089f9be2af3499d685,SPY,buy,market,new,1,gtc,0.0,1,stock,,,
2020-04-30 09:30:00-04:00,MLTader,8fc959a650904b089f9be2af3499d685,SPY,buy,market,fill,1,gtc,0.0,1,stock,285.30999755859375,8.0,0.0
2020-05-01 09:30:00-04:00,MLTader,6cbdf9c9bd5d4161a328cb1072ecf4ef,SPY,buy,market,new,1,gtc,0.0,1,stock,,,
2020-05-01 09:30:00-04:00,MLTader,6cbdf9c9bd5d4161a328cb1072ecf4ef,SPY,buy,market,fill,1,gtc,0.0,1,stock,285.30999755859375,4.0,0.0
2020-05-04 09:30:00-04:00,MLTader,e44bae7b09bf4e42ac28f2020bde4e04,SPY,buy,market,new,1,gtc,0.0,1,stock,,,
2020-05-04 09:30:00-04:00,MLTader,e44bae7b09bf4e42ac28f2020bde4e04,SPY,buy,market,fill,1,gtc,0.0,1,stock,286.6400146484375,2.0,0.0
2020-05-05 09:30:00-04:00,MLTader,a53bc22f2ece42a39556efa2ad26b296,SPY,buy,market,new,1,gtc,0.0,1,stock,,,
2020-05-05 09:30:00-04:00,MLTader,a53bc22f2ece42a39556efa2ad26b296,SPY,buy,market,fill,1,gtc,0.0,1,stock,288.0400085449219,1.0,0.0
2020-05-13 09:30:00-04:00,MLTader,da844556d00c446ca20f35a5ea01e3c7,SPY,sell,limit,canceled,1,day,0.0,1,stock,,,
2020-05-13 09:30:00-04:00,MLTader,60efb3d7707d4bd6858607463a9f597c,SPY,sell,stop,fill,1,day,0.0,1,stock,276.46898956298827,1.0,0.0
2020-05-13 09:30:00-04:00,MLTader,6f5129cf7a5a4c64a8aa1c6ef204376b,SPY,sell,limit,canceled,1,day,0.0,1,stock,,,
2020-05-13 09:30:00-04:00,MLTader,c7f599166ff34e46a3e3735a0ec8e529,SPY,sell,stop,fill,1,day,0.0,1,stock,276.95349884033203,1.0,0.0
2020-05-13 09:30:00-04:00,MLTader,6a786cfeb9f742e984469a967f04605f,SPY,sell,limit,canceled,1,day,0.0,1,stock,,,
2020-05-13 09:30:00-04:00,MLTader,b196bea787e74a52882295b83e604a6f,SPY,sell,stop,fill,1,day,0.0,1,stock,277.1244918823242,15.0,0.0
2020-05-13 09:30:00-04:00,MLTader,054f24fcf6d245a59d13aa6d2c2ed62b,SPY,sell,limit,canceled,1,day,0.0,1,stock,,,
2020-05-13 09:30:00-04:00,MLTader,2d995b12511a4c889fd945ecbf335e55,SPY,sell,stop,fill,1,day,0.0,1,stock,273.6380081176758,1.0,0.0
2020-05-14 09:30:00-04:00,MLTader,c552e170ff42430c922d439a08c7143a,SPY,buy,market,new,1,gtc,0.0,1,stock,,,
2020-05-14 09:30:00-04:00,MLTader,c552e170ff42430c922d439a08c7143a,SPY,buy,market,fill,1,gtc,0.0,1,stock,282.3699951171875,9.0,0.0
2020-05-15 09:30:00-04:00,MLTader,95ebfe2b1fe046759d0d8528592079c2,SPY,buy,market,new,1,gtc,0.0,1,stock,,,
2020-05-15 09:30:00-04:00,MLTader,95ebfe2b1fe046759d0d8528592079c2,SPY,buy,market,fill,1,gtc,0.0,1,stock,282.3699951171875,4.0,0.0
2020-05-18 09:30:00-04:00,MLTader,206f44941a0541c893fd937b968bfa6e,SPY,buy,market,new,1,gtc,0.0,1,stock,,,
2020-05-18 09:30:00-04:00,MLTader,206f44941a0541c893fd937b968bfa6e,SPY,buy,market,fill,1,gtc,0.0,1,stock,294.3500061035156,2.0,0.0
2020-05-19 09:30:00-04:00,MLTader,25ec5ee50a5b40e7b267a55cbb4f2cbc,SPY,buy,market,new,1,gtc,0.0,1,stock,,,
2020-05-19 09:30:00-04:00,MLTader,90a2015873ee4221a3078c44d8632cb5,SPY,sell,stop,canceled,1,day,0.0,1,stock,,,
2020-05-19 09:30:00-04:00,MLTader,3506177d3fef459fa64fcff8e5739e18,SPY,sell,limit,fill,1,day,0.0,1,stock,297.57599487304685,1.0,0.0
2020-05-19 09:30:00-04:00,MLTader,25ec5ee50a5b40e7b267a55cbb4f2cbc,SPY,buy,market,fill,1,gtc,0.0,1,stock,295.82000732421875,1.0,0.0
2020-05-20 09:30:00-04:00,MLTader,b6dca17cc5a142579541fd4faa94eb2e,SPY,buy,market,new,1,gtc,0.0,1,stock,,,
2020-05-20 09:30:00-04:00,MLTader,b6dca17cc5a142579541fd4faa94eb2e,SPY,buy,market,fill,1,gtc,0.0,1,stock,296.7900085449219,1.0,0.0
2020-05-21 09:30:00-04:00,MLTader,0c0bb6d4315e4240a581e3e13fb372f6,SPY,buy,market,new,1,gtc,0.0,1,stock,,,
2020-05-21 09:30:00-04:00,MLTader,0c0bb6d4315e4240a581e3e13fb372f6,SPY,buy,market,fill,1,gtc,0.0,1,stock,294.57000732421875,1.0,0.0
2020-05-26 08:30:00-04:00,MLTader,48bf07e3acf343b8977a16a20458735a,SPY,sell,stop,canceled,1,day,0.0,1,stock,,,
2020-05-26 08:30:00-04:00,MLTader,a57b4bbdbcdd482cbfe256ae4503a36d,SPY,sell,limit,fill,1,day,0.0,1,stock,302.1199951171875,14.0,0.0
2020-05-26 08:30:00-04:00,MLTader,05470801cb114039be4b32038a71b650,SPY,sell,stop,canceled,1,day,0.0,1,stock,,,
2020-05-26 08:30:00-04:00,MLTader,9ee4acd097e04702bf68cfd0dfcbc070,SPY,sell,limit,fill,1,day,0.0,1,stock,302.1199951171875,1.0,0.0
2020-05-26 09:30:00-04:00,MLTader,219e3e4416994b63ae57a6b9cfbd3e10,SPY,buy,market,new,1,gtc,0.0,1,stock,,,
2020-05-26 09:30:00-04:00,MLTader,219e3e4416994b63ae57a6b9cfbd3e10,SPY,buy,market,fill,1,gtc,0.0,1,stock,302.1199951171875,8.0,0.0
2020-05-27 09:30:00-04:00,MLTader,b693436366674c7f8db41d9ed89a4acd,SPY,buy,market,new,1,gtc,0.0,1,stock,,,
2020-05-27 09:30:00-04:00,MLTader,774dfa3c13b5461d8f7abf590a27e0fe,SPY,sell,stop,canceled,1,day,0.0,1,stock,,,
2020-05-27 09:30:00-04:00,MLTader,42b15143dcc64f66bec1799f39948580,SPY,sell,limit,fill,1,day,0.0,1,stock,304.6499938964844,7.0,0.0
2020-05-27 09:30:00-04:00,MLTader,541081cb29164c1eb86809b566a6e4f1,SPY,sell,stop,canceled,1,day,0.0,1,stock,,,
2020-05-27 09:30:00-04:00,MLTader,ddaad2d6071b4406ae21a0569db9b2d7,SPY,sell,limit,fill,1,day,0.0,1,stock,304.6499938964844,3.0,0.0
2020-05-27 09:30:00-04:00,MLTader,b693436366674c7f8db41d9ed89a4acd,SPY,buy,market,fill,1,gtc,0.0,1,stock,304.6499938964844,4.0,0.0
2020-05-28 09:30:00-04:00,MLTader,819ac84471644f5caf95a107d10b664c,SPY,buy,market,new,1,gtc,0.0,1,stock,,,
2020-05-28 09:30:00-04:00,MLTader,819ac84471644f5caf95a107d10b664c,SPY,buy,market,fill,1,gtc,0.0,1,stock,302.4599914550781,7.0,0.0
2020-05-29 09:30:00-04:00,MLTader,47f6f65ca6ba4d71a4952e237c8fec87,SPY,buy,market,new,1,gtc,0.0,1,stock,,,
2020-05-29 09:30:00-04:00,MLTader,47f6f65ca6ba4d71a4952e237c8fec87,SPY,buy,market,fill,1,gtc,0.0,1,stock,302.4599914550781,3.0,0.0
2020-06-01 09:30:00-04:00,MLTader,91ef8df1bd9b4a2cae5e62a032bf72cc,SPY,buy,market,new,1,gtc,0.0,1,stock,,,
2020-06-01 09:30:00-04:00,MLTader,91ef8df1bd9b4a2cae5e62a032bf72cc,SPY,buy,market,fill,1,gtc,0.0,1,stock,306.54998779296875,2.0,0.0
2020-06-02 09:30:00-04:00,MLTader,9154629089544b928b42d8d7074b9bf3,SPY,buy,market,new,1,gtc,0.0,1,stock,,,
2020-06-02 09:30:00-04:00,MLTader,9154629089544b928b42d8d7074b9bf3,SPY,buy,market,fill,1,gtc,0.0,1,stock,310.239990234375,1.0,0.0
2020-06-15 09:30:00-04:00,MLTader,fc798f972c604cb3a77ac9e027655484,SPY,sell,stop,canceled,1,day,0.0,1,stock,,,
2020-06-15 09:30:00-04:00,MLTader,b0a5387e20e74791a048e0983311ffd6,SPY,sell,limit,canceled,1,day,0.0,1,stock,,,
2020-06-15 09:30:00-04:00,MLTader,a1e5eeeed5dc485f9458818c0b0e7b9b,SPY,sell,stop,canceled,1,day,0.0,1,stock,,,
2020-06-15 09:30:00-04:00,MLTader,72811b20877841adb441588e6ff8a39d,SPY,sell,limit,canceled,1,day,0.0,1,stock,,,
2020-06-15 09:30:00-04:00,MLTader,e28e050920f5449ca5589b832885e40d,SPY,sell,stop,canceled,1,day,0.0,1,stock,,,
2020-06-15 09:30:00-04:00,MLTader,13b165c572954ceead85d1814106ef5a,SPY,sell,limit,canceled,1,day,0.0,1,stock,,,
2020-06-15 09:30:00-04:00,MLTader,a1eb0b1167574d7984191c4b69348895,SPY,sell,stop,canceled,1,day,0.0,1,stock,,,
2020-06-15 09:30:00-04:00,MLTader,1761d0b222094e4ebf1ca23d06125e45,SPY,sell,limit,canceled,1,day,0.0,1,stock,,,
2020-06-15 09:30:00-04:00,MLTader,589d2f6edc2248f4a44d4204a814adb4,SPY,sell,stop,canceled,1,day,0.0,1,stock,,,
2020-06-15 09:30:00-04:00,MLTader,1a8b857be35b4390bffff8b0d0f49d8b,SPY,sell,limit,canceled,1,day,0.0,1,stock,,,
2020-06-15 09:30:00-04:00,MLTader,a22248fb2b294d668f9f866d270bb209,SPY,sell,stop,canceled,1,day,0.0,1,stock,,,
2020-06-15 09:30:00-04:00,MLTader,f577ac5462634891983c2b151fe0f474,SPY,sell,limit,canceled,1,day,0.0,1,stock,,,
2020-06-15 09:30:00-04:00,MLTader,5c87e4b7380a4d15a4efaf44af729aed,SPY,sell,stop,canceled,1,day,0.0,1,stock,,,
2020-06-15 09:30:00-04:00,MLTader,f297e7d5992941c8a954549fca89c351,SPY,sell,limit,canceled,1,day,0.0,1,stock,,,
2020-06-15 09:30:00-04:00,MLTader,bd052e63f8044c41a3caa0fd03b0c9fd,SPY,sell,stop,canceled,1,day,0.0,1,stock,,,
2020-06-15 09:30:00-04:00,MLTader,79e295d559704abeb2d783b3d6bd475e,SPY,sell,limit,canceled,1,day,0.0,1,stock,,,
2020-06-15 09:30:00-04:00,MLTader,9f254031ef2b482fbd8b84a99eeb5a87,SPY,sell,stop,canceled,1,day,0.0,1,stock,,,
2020-06-15 09:30:00-04:00,MLTader,adcbdaca6c444d8099594cc7cb83360b,SPY,sell,limit,canceled,1,day,0.0,1,stock,,,
2020-06-15 09:30:00-04:00,MLTader,0785f63361d84cb8a27ff698861afa4f,SPY,sell,stop,canceled,1,day,0.0,1,stock,,,
2020-06-15 09:30:00-04:00,MLTader,33e0acb8df154c17b1e4d485900e88c2,SPY,sell,limit,canceled,1,day,0.0,1,stock,,,
2020-06-15 09:30:00-04:00,MLTader,e974d5c8fd994568acc1f31598cbf271,SPY,sell,stop,canceled,1,day,0.0,1,stock,,,
2020-06-15 09:30:00-04:00,MLTader,6874a5cc860e44a98f350c16e17114c9,SPY,sell,limit,canceled,1,day,0.0,1,stock,,,
2020-06-15 09:30:00-04:00,MLTader,af270b060a504aafa367a702a5c4d6f3,SPY,sell,stop,canceled,1,day,0.0,1,stock,,,
2020-06-15 09:30:00-04:00,MLTader,44f11a6c104f466e9ddf7e18c5fe1c8a,SPY,sell,limit,canceled,1,day,0.0,1,stock,,,
2020-06-15 09:30:00-04:00,MLTader,8ffa119ad4514980b7c23bd8521f8327,SPY,sell,stop,canceled,1,day,0.0,1,stock,,,
2020-06-15 09:30:00-04:00,MLTader,d2fac0eb0cc54e0dac5f7e28f6e971e4,SPY,sell,limit,canceled,1,day,0.0,1,stock,,,
2020-06-15 09:30:00-04:00,MLTader,6bd25477e2d64915a83218bc7c278129,SPY,sell,stop,canceled,1,day,0.0,1,stock,,,
2020-06-15 09:30:00-04:00,MLTader,c427c255876343098eb2bdd4a96b1cf6,SPY,sell,limit,canceled,1,day,0.0,1,stock,,,
2020-06-15 09:30:00-04:00,MLTader,3390dbe16d2e401b8bcb5a4c7edec358,SPY,sell,stop,canceled,1,day,0.0,1,stock,,,
2020-06-15 09:30:00-04:00,MLTader,8f955c62dc204878ac0b0266322f1931,SPY,sell,limit,canceled,1,day,0.0,1,stock,,,
2020-06-15 09:30:00-04:00,MLTader,3dc7e9268b604886bf206e8d958a75bd,SPY,sell,stop,canceled,1,day,0.0,1,stock,,,
2020-06-15 09:30:00-04:00,MLTader,18ba33cfbd5e42cab4b9f199ad8c3cbc,SPY,sell,limit,canceled,1,day,0.0,1,stock,,,
2020-06-15 09:30:00-04:00,MLTader,3274c74888fb4c56bbad7d643155d672,SPY,sell,stop,canceled,1,day,0.0,1,stock,,,
2020-06-15 09:30:00-04:00,MLTader,bc42ec3ae1694d0ba3acf78bd1cc6dea,SPY,sell,limit,canceled,1,day,0.0,1,stock,,,
2020-06-15 09:30:00-04:00,MLTader,7122410c2e384a1f8d1d2ccfef283633,SPY,sell,stop,canceled,1,day,0.0,1,stock,,,
2020-06-15 09:30:00-04:00,MLTader,8b7b25c638e940d592400987c6ba24cd,SPY,sell,limit,canceled,1,day,0.0,1,stock,,,
2020-06-15 09:30:00-04:00,MLTader,4e9b5d725a7e4460ae602b3dc8bf0841,SPY,sell,stop,canceled,1,day,0.0,1,stock,,,
2020-06-15 09:30:00-04:00,MLTader,d42d857fb5f4448985a6b371a07d5f6b,SPY,sell,limit,canceled,1,day,0.0,1,stock,,,
2020-06-15 09:30:00-04:00,MLTader,4848cb5ef7344209a0c92fdbe4697716,SPY,sell,stop,canceled,1,day,0.0,1,stock,,,
2020-06-15 09:30:00-04:00,MLTader,ee9f25e36f9b44c8bdae088c10896fbe,SPY,sell,limit,canceled,1,day,0.0,1,stock,,,
2020-06-15 09:30:00-04:00,MLTader,3f3dac81382d46a2a3b164cdafad7d14,SPY,sell,stop,canceled,1,day,0.0,1,stock,,,
2020-06-15 09:30:00-04:00,MLTader,bf4b0a24efc84e4e94310984cb4b2a60,SPY,sell,limit,canceled,1,day,0.0,1,stock,,,
2020-06-15 09:30:00-04:00,MLTader,c8d09bdfdec9456484b2193583939872,SPY,sell,stop,canceled,1,day,0.0,1,stock,,,
2020-06-15 09:30:00-04:00,MLTader,8e76265b402844c2a814c8d880ed2582,SPY,sell,limit,canceled,1,day,0.0,1,stock,,,
2020-06-15 09:30:00-04:00,MLTader,d9504c4377bb41348c4551dbff413ced,SPY,sell,stop,canceled,1,day,0.0,1,stock,,,
2020-06-15 09:30:00-04:00,MLTader,cce62737cbe549afa960865d64c0b7ba,SPY,sell,limit,canceled,1,day,0.0,1,stock,,,
2020-06-15 09:30:00-04:00,MLTader,04639533910c48bfbf6da61fc49d6d0c,SPY,sell,stop,canceled,1,day,0.0,1,stock,,,
2020-06-15 09:30:00-04:00,MLTader,16bbbf4d5604475b8eb17a5bb253fb65,SPY,sell,limit,canceled,1,day,0.0,1,stock,,,
2020-06-15 09:30:00-04:00,MLTader,c5c3216b628e485084b1af2c022f232a,SPY,sell,stop,canceled,1,day,0.0,1,stock,,,
2020-06-15 09:30:00-04:00,MLTader,c914418b8b0d4993ae453011adc26bb4,SPY,sell,limit,canceled,1,day,0.0,1,stock,,,
2020-06-15 09:30:00-04:00,MLTader,775b93e25002408b8acab408b19613fb,SPY,sell,market,new,1,day,0.0,1,stock,,,
2020-06-15 09:30:00-04:00,MLTader,57b54eba565648bfba25cd9821ce13ed,SPY,sell,market,new,1,gtc,0.0,1,stock,,,
2020-06-15 09:30:00-04:00,MLTader,775b93e25002408b8acab408b19613fb,SPY,sell,market,fill,1,day,0.0,1,stock,315.4800109863281,316.0,0.0
2020-06-15 09:30:00-04:00,MLTader,57b54eba565648bfba25cd9821ce13ed,SPY,sell,market,fill,1,gtc,0.0,1,stock,315.4800109863281,0.0,0.0
2020-06-16 09:30:00-04:00,MLTader,597075876639449fabb1d226502cf735,SPY,buy,market,new,1,gtc,0.0,1,stock,,,
2020-06-16 09:30:00-04:00,MLTader,597075876639449fabb1d226502cf735,SPY,buy,market,fill,1,gtc,0.0,1,stock,314.07000732421875,159.0,0.0
2020-06-17 09:30:00-04:00,MLTader,a59cea8f3d154b12bc3b8c3175b635bd,SPY,buy,market,new,1,gtc,0.0,1,stock,,,
2020-06-17 09:30:00-04:00,MLTader,a59cea8f3d154b12bc3b8c3175b635bd,SPY,buy,market,fill,1,gtc,0.0,1,stock,310.010009765625,80.0,0.0
2020-06-18 09:30:00-04:00,MLTader,2a694072aacd417f9083875c5b3435f1,SPY,buy,market,new,1,gtc,0.0,1,stock,,,
2020-06-18 09:30:00-04:00,MLTader,2a694072aacd417f9083875c5b3435f1,SPY,buy,market,fill,1,gtc,0.0,1,stock,314.1700134277344,40.0,0.0
2020-06-19 09:30:00-04:00,MLTader,c8f578fad08e495e994f6582fb52aa5e,SPY,buy,market,new,1,gtc,0.0,1,stock,,,
2020-06-19 09:30:00-04:00,MLTader,c8f578fad08e495e994f6582fb52aa5e,SPY,buy,market,fill,1,gtc,0.0,1,stock,314.1700134277344,20.0,0.0
2020-06-22 09:30:00-04:00,MLTader,ebb70e6f552c4a149bf5315fdf9413f3,SPY,buy,market,new,1,gtc,0.0,1,stock,,,
2020-06-22 09:30:00-04:00,MLTader,ebb70e6f552c4a149bf5315fdf9413f3,SPY,buy,market,fill,1,gtc,0.0,1,stock,313.489990234375,10.0,0.0
2020-06-23 09:30:00-04:00,MLTader,a8a31d6a8d6a4486b559169075539c84,SPY,buy,market,new,1,gtc,0.0,1,stock,,,
2020-06-23 09:30:00-04:00,MLTader,a8a31d6a8d6a4486b559169075539c84,SPY,buy,market,fill,1,gtc,0.0,1,stock,309.8399963378906,5.0,0.0
2020-06-24 09:30:00-04:00,MLTader,f4114c81e73a459999584fdf04ff20b7,SPY,buy,market,new,1,gtc,0.0,1,stock,,,
2020-06-24 09:30:00-04:00,MLTader,f4114c81e73a459999584fdf04ff20b7,SPY,buy,market,fill,1,gtc,0.0,1,stock,303.4700012207031,3.0,0.0
2020-06-25 09:30:00-04:00,MLTader,4e99cadefb8c4f41960e08bc7b0c52d6,SPY,buy,market,new,1,gtc,0.0,1,stock,,,
2020-06-25 09:30:00-04:00,MLTader,4e99cadefb8c4f41960e08bc7b0c52d6,SPY,buy,market,fill,1,gtc,0.0,1,stock,306.1600036621094,1.0,0.0
2020-06-26 09:30:00-04:00,MLTader,6e63ad1ddea34e84b6a54954cfc3ff5c,SPY,buy,market,new,1,gtc,0.0,1,stock,,,
2020-06-26 09:30:00-04:00,MLTader,6e63ad1ddea34e84b6a54954cfc3ff5c,SPY,buy,market,fill,1,gtc,0.0,1,stock,306.1600036621094,1.0,0.0
2020-08-04 09:30:00-04:00,MLTader,e2e16827d8224378a3c81d47d9f94845,SPY,buy,limit,canceled,1,day,0.0,1,stock,,,
2020-08-04 09:30:00-04:00,MLTader,0ccb0dd5c4af428fb01c17df8ca789a9,SPY,buy,stop,fill,1,day,0.0,1,stock,331.4700012207031,0.0,0.0
2020-09-14 09:30:00-04:00,MLTader,cd4b6976e266471fbb67f94fc2bfbb52,SPY,sell,stop,canceled,1,day,0.0,1,stock,,,
2020-09-14 09:30:00-04:00,MLTader,11b41998f4784bbf81c11d9719905cef,SPY,sell,limit,canceled,1,day,0.0,1,stock,,,
2020-09-14 09:30:00-04:00,MLTader,9567cc9e9fa14948bff3e87b600e0142,SPY,sell,stop,canceled,1,day,0.0,1,stock,,,
2020-09-14 09:30:00-04:00,MLTader,9a532305e32648ae99a752283c215a8d,SPY,sell,limit,canceled,1,day,0.0,1,stock,,,
2020-09-14 09:30:00-04:00,MLTader,32d8adf639ff41478c6624d606a4391c,SPY,sell,stop,canceled,1,day,0.0,1,stock,,,
2020-09-14 09:30:00-04:00,MLTader,9e4a243ec2e04504b831aa2534fd71bf,SPY,sell,limit,canceled,1,day,0.0,1,stock,,,
2020-09-14 09:30:00-04:00,MLTader,a1fc0db7d333462da0eefa0bf8349619,SPY,sell,stop,canceled,1,day,0.0,1,stock,,,
2020-09-14 09:30:00-04:00,MLTader,9ab90fde880f4af19b18a6813efe6dd0,SPY,sell,limit,canceled,1,day,0.0,1,stock,,,
2020-09-14 09:30:00-04:00,MLTader,c93aaa83e42b449fb4b892d50053b0c9,SPY,sell,stop,canceled,1,day,0.0,1,stock,,,
2020-09-14 09:30:00-04:00,MLTader,b9700026bb254f88944588d117cd34d1,SPY,sell,limit,canceled,1,day,0.0,1,stock,,,
2020-09-14 09:30:00-04:00,MLTader,fca2f7a546af4a46ad01b21a79fe1c4c,SPY,sell,stop,canceled,1,day,0.0,1,stock,,,
2020-09-14 09:30:00-04:00,MLTader,64d6ecd33a944432b517e691e5980d0e,SPY,sell,limit,canceled,1,day,0.0,1,stock,,,
2020-09-14 09:30:00-04:00,MLTader,f6ce4b0013cd438eac47ba4ff2088f44,SPY,sell,stop,canceled,1,day,0.0,1,stock,,,
2020-09-14 09:30:00-04:00,MLTader,6ecaf61c6ef0473a827880654830a5b4,SPY,sell,limit,canceled,1,day,0.0,1,stock,,,
2020-09-14 09:30:00-04:00,MLTader,46655af3620147618baef4f200a445e5,SPY,sell,stop,canceled,1,day,0.0,1,stock,,,
2020-09-14 09:30:00-04:00,MLTader,e708d6852e644f05bc8f71cc829273fb,SPY,sell,limit,canceled,1,day,0.0,1,stock,,,
2020-09-14 09:30:00-04:00,MLTader,5aa99ef911f9472abbad039d89608cd9,SPY,sell,stop,canceled,1,day,0.0,1,stock,,,
2020-09-14 09:30:00-04:00,MLTader,b2b733116ca243868404cc2cee20ac29,SPY,sell,limit,canceled,1,day,0.0,1,stock,,,
2020-09-14 09:30:00-04:00,MLTader,23b2f15dbdcd49dabe16818c6adba1ac,SPY,sell,market,new,1,day,0.0,1,stock,,,
2020-09-14 09:30:00-04:00,MLTader,1ec854881f3c4e8ba1544fa6527de89c,SPY,sell,market,new,1,gtc,0.0,1,stock,,,
2020-09-14 09:30:00-04:00,MLTader,23b2f15dbdcd49dabe16818c6adba1ac,SPY,sell,market,fill,1,day,0.0,1,stock,341.1199951171875,319.0,0.0
2020-09-14 09:30:00-04:00,MLTader,1ec854881f3c4e8ba1544fa6527de89c,SPY,sell,market,fill,1,gtc,0.0,1,stock,341.1199951171875,0.0,0.0
2020-09-15 09:30:00-04:00,MLTader,16744164909844c982cba02cc7f468c9,SPY,buy,market,new,1,gtc,0.0,1,stock,,,
2020-09-15 09:30:00-04:00,MLTader,16744164909844c982cba02cc7f468c9,SPY,buy,market,fill,1,gtc,0.0,1,stock,341.510009765625,159.0,0.0
2020-09-16 09:30:00-04:00,MLTader,a9a835f2adcc494ea36466d79ab7f01b,SPY,buy,market,new,1,gtc,0.0,1,stock,,,
2020-09-16 09:30:00-04:00,MLTader,a9a835f2adcc494ea36466d79ab7f01b,SPY,buy,market,fill,1,gtc,0.0,1,stock,333.55999755859375,82.0,0.0
2020-09-17 09:30:00-04:00,MLTader,9fead30af23c486db0e30f41f6df0e10,SPY,buy,market,new,1,gtc,0.0,1,stock,,,
2020-09-17 09:30:00-04:00,MLTader,9fead30af23c486db0e30f41f6df0e10,SPY,buy,market,fill,1,gtc,0.0,1,stock,335.3699951171875,41.0,0.0
2020-09-18 09:30:00-04:00,MLTader,d347b75bbc714a4ca0093994c45ec058,SPY,buy,market,new,1,gtc,0.0,1,stock,,,
2020-09-18 09:30:00-04:00,MLTader,d347b75bbc714a4ca0093994c45ec058,SPY,buy,market,fill,1,gtc,0.0,1,stock,335.3699951171875,20.0,0.0
2020-09-21 09:30:00-04:00,MLTader,84737aff435f4672adb73cddbbbd073e,SPY,buy,market,new,1,gtc,0.0,1,stock,,,
2020-09-21 09:30:00-04:00,MLTader,84737aff435f4672adb73cddbbbd073e,SPY,buy,market,fill,1,gtc,0.0,1,stock,328.57000732421875,10.0,0.0
2020-09-22 09:30:00-04:00,MLTader,e4531709fd0d4baa85c5de9445e62404,SPY,buy,market,new,1,gtc,0.0,1,stock,,,
2020-09-22 09:30:00-04:00,MLTader,ad830007fd38459084f34308f5f20300,SPY,sell,limit,canceled,1,day,0.0,1,stock,,,
2020-09-22 09:30:00-04:00,MLTader,2725bfbec0744c2894d45b7ed0ad51b0,SPY,sell,stop,fill,1,day,0.0,1,stock,324.43450927734375,159.0,0.0
2020-09-22 09:30:00-04:00,MLTader,e4531709fd0d4baa85c5de9445e62404,SPY,buy,market,fill,1,gtc,0.0,1,stock,330.8999938964844,5.0,0.0
2020-09-23 09:30:00-04:00,MLTader,775f3da49de4486ca1dd5c43270b30ef,SPY,buy,market,new,1,gtc,0.0,1,stock,,,
2020-09-23 09:30:00-04:00,MLTader,775f3da49de4486ca1dd5c43270b30ef,SPY,buy,market,fill,1,gtc,0.0,1,stock,321.2200012207031,83.0,0.0
2020-09-24 09:30:00-04:00,MLTader,89000feecbe342929d0c60e0cde8a63e,SPY,buy,market,new,1,gtc,0.0,1,stock,,,
2020-09-24 09:30:00-04:00,MLTader,89000feecbe342929d0c60e0cde8a63e,SPY,buy,market,fill,1,gtc,0.0,1,stock,322.5799865722656,41.0,0.0
2020-09-25 09:30:00-04:00,MLTader,efa2875ea37d4f0f8f95b39289fe3637,SPY,buy,market,new,1,gtc,0.0,1,stock,,,
2020-09-25 09:30:00-04:00,MLTader,efa2875ea37d4f0f8f95b39289fe3637,SPY,buy,market,fill,1,gtc,0.0,1,stock,322.5799865722656,21.0,0.0
2020-09-28 09:30:00-04:00,MLTader,f0eb729c01424e61898f38aac15304f5,SPY,buy,market,new,1,gtc,0.0,1,stock,,,
2020-09-28 09:30:00-04:00,MLTader,f0eb729c01424e61898f38aac15304f5,SPY,buy,market,fill,1,gtc,0.0,1,stock,333.9700012207031,10.0,0.0
2020-09-29 09:30:00-04:00,MLTader,565bac5652384570927be3ad1b906744,SPY,buy,market,new,1,gtc,0.0,1,stock,,,
2020-09-29 09:30:00-04:00,MLTader,565bac5652384570927be3ad1b906744,SPY,buy,market,fill,1,gtc,0.0,1,stock,333.0899963378906,5.0,0.0
2020-09-30 09:30:00-04:00,MLTader,015c2261ca4944909c165678bb7f1de3,SPY,buy,market,new,1,gtc,0.0,1,stock,,,
2020-09-30 09:30:00-04:00,MLTader,015c2261ca4944909c165678bb7f1de3,SPY,buy,market,fill,1,gtc,0.0,1,stock,337.69000244140625,3.0,0.0
2020-10-01 09:30:00-04:00,MLTader,8757299d0d8f4b0f88a56df59222ce16,SPY,buy,market,new,1,gtc,0.0,1,stock,,,
2020-10-01 09:30:00-04:00,MLTader,8757299d0d8f4b0f88a56df59222ce16,SPY,buy,market,fill,1,gtc,0.0,1,stock,331.70001220703125,1.0,0.0
2020-10-02 09:30:00-04:00,MLTader,013c426083064640bd78c70758a0ae21,SPY,buy,market,new,1,gtc,0.0,1,stock,,,
2020-10-02 09:30:00-04:00,MLTader,013c426083064640bd78c70758a0ae21,SPY,buy,market,fill,1,gtc,0.0,1,stock,331.70001220703125,1.0,0.0
